users,avg_rt,throughput
20,0.07858,4.74
30,0.07758,6.77
40,0.07058,9.82
50,0.07463,11.77
60,0.08963,14.77
70,0.09758,17.05
80,0.09258,19.05
100,0.11058,24.50
120,0.19058,29.50
140,0.37058,32.51
150,0.47058,31.51
160,0.62058,32.51