cores,avg_rt,rt_lo,rt_hi,goodput,drop_rate_pct,core_util_pct
1,0.219662,0.217893,0.221431,5.99171,0.503611,61.3699
2,0.111263,0.110653,0.111874,6.25746,0.000222286,31.9154
3,0.103078,0.102643,0.103514,6.27342,0,21.3696
4,0.102083,0.101753,0.102412,6.28281,0,16.0287
6,0.102042,0.101538,0.102545,6.27482,0,10.6759
8,0.102069,0.101782,0.102356,6.2764,0,8.01148
